,Année,Connecteur_puiss_kW,nbre_ve,nbre_vh,fréquence_utilisation,Puissance_kW,Puissance_MW,Puissance_GW
0,2019,22,164970.0,549381,1,15715722.0,15715.722,15.715722
1,2021,22,247518.0,814890,1,23372976.0,23372.976,23.372976
2,2030,22,10000000.0,0,1,220000000.0,220000.0,220.0
3,2035,22,15000000.0,0,1,330000000.0,330000.0,330.0
4,2040,22,20000000.0,0,1,440000000.0,440000.0,440.0
